algorithm,frames,n_pages,n_accesses,loop_size,page_faults,hit_ratio,avg_access_time_s,memory_utilization
FIFO,3,30,500,6,500,0.0,0.01,100.0
LRU,3,30,500,6,500,0.0,0.01,100.0
MRU,3,30,500,6,302,0.396,0.006040396,100.0
OPT,3,30,500,6,302,0.396,0.006040396,100.0
FIFO,15,30,500,6,6,0.988,0.000120988,40.0
LRU,15,30,500,6,6,0.988,0.000120988,40.0
MRU,15,30,500,6,6,0.988,0.000120988,40.0
OPT,15,30,500,6,6,0.988,0.000120988,40.0
